<?xml version="1.0" encoding="utf-8" ?>

<component name="PasswordScreen" extends="Group" initialFocus="PasswordKeyboard">

	<interface>
    	<field id="passwordButtonSelected" type="integer" alias="PasswordKeyboard.buttonSelected" />
    	<field id="passwordKeyboardText" type="string" alias="PasswordKeyboard.text" />
	</interface>

	<script type="text/brightscript" uri="pkg:/components/screens/PasswordScreen.brs" />

	<children>

		<KeyboardDialog id="PasswordKeyboard"/>

	</children>

</component>